{"meta": {"format": 3, "version": "7.12.0", "timestamp": "2025-12-05T16:24:37.065470", "branch_coverage": true, "show_contexts": false}, "files": {"app.py": {"executed_lines": [71, 72, 73, 74, 75, 76, 79, 80, 81, 84, 87, 90, 91, 95, 96, 99, 100, 101, 102, 105, 107, 110, 111, 112, 113, 114, 115, 117, 118, 121, 122, 123, 125, 126, 127, 129, 130, 131, 133, 134, 135, 137, 138, 139, 141, 144, 146, 147, 148, 215, 216, 217, 220, 221, 228, 229, 230, 232, 233, 235, 243, 244, 245, 249, 265, 273, 274, 280, 295, 296, 297, 298, 301, 306, 312, 313, 323, 325, 326, 335], "summary": {"covered_lines": 79, "num_statements": 104, "percent_covered": 73.2394366197183, "percent_covered_display": "73.24", "missing_lines": 25, "excluded_lines": 3, "percent_statements_covered": 75.96153846153847, "percent_statements_covered_display": "75.96", "num_branches": 38, "num_partial_branches": 5, "covered_branches": 25, "missing_branches": 13, "percent_branches_covered": 65.78947368421052, "percent_branches_covered_display": "65.79"}, "missing_lines": [85, 92, 150, 152, 170, 185, 186, 188, 191, 192, 193, 194, 195, 197, 198, 199, 202, 203, 205, 207, 208, 209, 222, 275, 316], "excluded_lines": [66, 335, 336], "executed_branches": [[84, 87], [91, 95], [100, 101], [100, 102], [110, 111], [110, 113], [113, 114], [113, 117], [122, 123], [122, 125], [126, 127], [126, 129], [130, 131], [130, 133], [134, 135], [134, 137], [138, 139], [138, 141], [146, 147], [232, 233], [232, 265], [244, 245], [244, 249], [274, 280], [312, 313]], "missing_branches": [[84, 85], [91, 92], [146, 150], [193, 194], [193, 202], [195, 193], [195, 197], [198, 193], [198, 199], [202, 203], [202, 205], [274, 275], [312, 316]], "functions": {"normalize_str": {"executed_lines": [100, 101, 102], "summary": {"covered_lines": 3, "num_statements": 3, "percent_covered": 100.0, "percent_covered_display": "100.00", "missing_lines": 0, "excluded_lines": 0, "percent_statements_covered": 100.0, "percent_statements_covered_display": "100.00", "num_branches": 2, "num_partial_branches": 0, "covered_branches": 2, "missing_branches": 0, "percent_branches_covered": 100.0, "percent_branches_covered_display": "100.00"}, "missing_lines": [], "excluded_lines": [], "executed_branches": [[100, 101], [100, 102]], "missing_branches": []}, "generate_basic_suggestions": {"executed_lines": [107, 110, 111, 112, 113, 114, 115, 117, 118, 121, 122, 123, 125, 126, 127, 129, 130, 131, 133, 134, 135, 137, 138, 139, 141], "summary": {"covered_lines": 25, "num_statements": 25, "percent_covered": 100.0, "percent_covered_display": "100.00", "missing_lines": 0, "excluded_lines": 0, "percent_statements_covered": 100.0, "percent_statements_covered_display": "100.00", "num_branches": 14, "num_partial_branches": 0, "covered_branches": 14, "missing_branches": 0, "percent_branches_covered": 100.0, "percent_branches_covered_display": "100.00"}, "missing_lines": [], "excluded_lines": [], "executed_branches": [[110, 111], [110, 113], [113, 114], [113, 117], [122, 123], [122, 125], [126, 127], [126, 129], [130, 131], [130, 133], [134, 135], [134, 137], [138, 139], [138, 141]], "missing_branches": []}, "generate_suggestions": {"executed_lines": [146, 147, 148], "summary": {"covered_lines": 3, "num_statements": 23, "percent_covered": 12.121212121212121, "percent_covered_display": "12.12", "missing_lines": 20, "excluded_lines": 0, "percent_statements_covered": 13.043478260869565, "percent_statements_covered_display": "13.04", "num_branches": 10, "num_partial_branches": 1, "covered_branches": 1, "missing_branches": 9, "percent_branches_covered": 10.0, "percent_branches_covered_display": "10.00"}, "missing_lines": [150, 152, 170, 185, 186, 188, 191, 192, 193, 194, 195, 197, 198, 199, 202, 203, 205, 207, 208, 209], "excluded_lines": [], "executed_branches": [[146, 147]], "missing_branches": [[146, 150], [193, 194], [193, 202], [195, 193], [195, 197], [198, 193], [198, 199], [202, 203], [202, 205]]}, "index": {"executed_lines": [217], "summary": {"covered_lines": 1, "num_statements": 1, "percent_covered": 100.0, "percent_covered_display": "100.00", "missing_lines": 0, "excluded_lines": 0, "percent_statements_covered": 100.0, "percent_statements_covered_display": "100.00", "num_branches": 0, "num_partial_branches": 0, "covered_branches": 0, "missing_branches": 0, "percent_branches_covered": 100.0, "percent_branches_covered_display": "100.00"}, "missing_lines": [], "excluded_lines": [], "executed_branches": [], "missing_branches": []}, "frontend_static": {"executed_lines": [], "summary": {"covered_lines": 0, "num_statements": 1, "percent_covered": 0.0, "percent_covered_display": "0.00", "missing_lines": 1, "excluded_lines": 0, "percent_statements_covered": 0.0, "percent_statements_covered_display": "0.00", "num_branches": 0, "num_partial_branches": 0, "covered_branches": 0, "missing_branches": 0, "percent_branches_covered": 100.0, "percent_branches_covered_display": "100.00"}, "missing_lines": [222], "excluded_lines": [], "executed_branches": [], "missing_branches": []}, "predict": {"executed_lines": [230, 232, 233, 235, 243, 244, 245, 249, 265, 273, 274, 280, 295, 296, 297, 298, 301, 306, 312, 313, 323, 325, 326], "summary": {"covered_lines": 23, "num_statements": 25, "percent_covered": 87.87878787878788, "percent_covered_display": "87.88", "missing_lines": 2, "excluded_lines": 0, "percent_statements_covered": 92.0, "percent_statements_covered_display": "92.00", "num_branches": 8, "num_partial_branches": 2, "covered_branches": 6, "missing_branches": 2, "percent_branches_covered": 75.0, "percent_branches_covered_display": "75.00"}, "missing_lines": [275, 316], "excluded_lines": [], "executed_branches": [[232, 233], [232, 265], [244, 245], [244, 249], [274, 280], [312, 313]], "missing_branches": [[274, 275], [312, 316]]}, "": {"executed_lines": [71, 72, 73, 74, 75, 76, 79, 80, 81, 84, 87, 90, 91, 95, 96, 99, 105, 144, 215, 216, 220, 221, 228, 229, 335], "summary": {"covered_lines": 24, "num_statements": 26, "percent_covered": 86.66666666666667, "percent_covered_display": "86.67", "missing_lines": 2, "excluded_lines": 3, "percent_statements_covered": 92.3076923076923, "percent_statements_covered_display": "92.31", "num_branches": 4, "num_partial_branches": 2, "covered_branches": 2, "missing_branches": 2, "percent_branches_covered": 50.0, "percent_branches_covered_display": "50.00"}, "missing_lines": [85, 92], "excluded_lines": [66, 335, 336], "executed_branches": [[84, 87], [91, 95]], "missing_branches": [[84, 85], [91, 92]]}}, "classes": {"": {"executed_lines": [71, 72, 73, 74, 75, 76, 79, 80, 81, 84, 87, 90, 91, 95, 96, 99, 100, 101, 102, 105, 107, 110, 111, 112, 113, 114, 115, 117, 118, 121, 122, 123, 125, 126, 127, 129, 130, 131, 133, 134, 135, 137, 138, 139, 141, 144, 146, 147, 148, 215, 216, 217, 220, 221, 228, 229, 230, 232, 233, 235, 243, 244, 245, 249, 265, 273, 274, 280, 295, 296, 297, 298, 301, 306, 312, 313, 323, 325, 326, 335], "summary": {"covered_lines": 79, "num_statements": 104, "percent_covered": 73.2394366197183, "percent_covered_display": "73.24", "missing_lines": 25, "excluded_lines": 3, "percent_statements_covered": 75.96153846153847, "percent_statements_covered_display": "75.96", "num_branches": 38, "num_partial_branches": 5, "covered_branches": 25, "missing_branches": 13, "percent_branches_covered": 65.78947368421052, "percent_branches_covered_display": "65.79"}, "missing_lines": [85, 92, 150, 152, 170, 185, 186, 188, 191, 192, 193, 194, 195, 197, 198, 199, 202, 203, 205, 207, 208, 209, 222, 275, 316], "excluded_lines": [66, 335, 336], "executed_branches": [[84, 87], [91, 95], [100, 101], [100, 102], [110, 111], [110, 113], [113, 114], [113, 117], [122, 123], [122, 125], [126, 127], [126, 129], [130, 131], [130, 133], [134, 135], [134, 137], [138, 139], [138, 141], [146, 147], [232, 233], [232, 265], [244, 245], [244, 249], [274, 280], [312, 313]],